f,k0,x,y,Re_U,Im_U
30,0.554399,1,0.58,1.05141,0.744922
30,0.554399,1,0.56,1.05141,0.744922
30,0.554399,1,0.54,1.05141,0.744922
30,0.554399,1,0.52,1.05141,0.744922
30,0.554399,1,0.5,1.05141,0.744922
30,0.554399,1,0.48,1.05141,0.744922
30,0.554399,1,0.46,1.05141,0.744922
30,0.554399,1,0.44,1.05141,0.744922
30,0.554399,1,0.42,1.05141,0.744922
30,0.554399,1,0.4,1.05141,0.744922
30,0.554399,1,0.38,1.05141,0.744922
30,0.554399,1,0.36,1.05141,0.744922
30,0.554399,1,0.34,1.05141,0.744922
30,0.554399,1,0.32,1.05141,0.744922
30,0.554399,1,0.3,1.05141,0.744922
30,0.554399,1,0.28,1.05141,0.744922
30,0.554399,1,0.26,1.05141,0.744922
30,0.554399,1,0.24,1.05141,0.744922
30,0.554399,1,0.22,1.05141,0.744922
30,0.554399,1,0.18,1.05141,0.744922
30,0.554399,1,0.2,1.05141,0.744922
30,0.554399,1,0.16,1.05141,0.744922
30,0.554399,1,0.14,1.05141,0.744922
30,0.554399,1,0.1,1.05141,0.744922
30,0.554399,1,0.12,1.05141,0.744922
30,0.554399,1,0.08,1.05141,0.744922
30,0.554399,1,0.06,1.05141,0.744922
30,0.554399,1,0.02,1.05141,0.744922
30,0.554399,1,0.04,1.05141,0.744922
30,0.554399,1,0,1.05141,0.744922
50,0.923998,1,0.58,0.665355,1.0988
50,0.923998,1,0.56,0.665355,1.0988
50,0.923998,1,0.54,0.665355,1.0988
50,0.923998,1,0.52,0.665355,1.0988
50,0.923998,1,0.5,0.665355,1.0988
50,0.923998,1,0.48,0.665355,1.0988
50,0.923998,1,0.46,0.665355,1.0988
50,0.923998,1,0.44,0.665355,1.0988
50,0.923998,1,0.42,0.665355,1.0988
50,0.923998,1,0.4,0.665355,1.0988
50,0.923998,1,0.38,0.665355,1.0988
50,0.923998,1,0.36,0.665355,1.0988
50,0.923998,1,0.34,0.665355,1.0988
50,0.923998,1,0.32,0.665355,1.0988
50,0.923998,1,0.3,0.665355,1.0988
50,0.923998,1,0.28,0.665355,1.0988
50,0.923998,1,0.26,0.665355,1.0988
50,0.923998,1,0.24,0.665355,1.0988
50,0.923998,1,0.22,0.665355,1.0988
50,0.923998,1,0.18,0.665355,1.0988
50,0.923998,1,0.2,0.665355,1.0988
50,0.923998,1,0.16,0.665355,1.0988
50,0.923998,1,0.14,0.665355,1.0988
50,0.923998,1,0.1,0.665355,1.0988
50,0.923998,1,0.12,0.665355,1.0988
50,0.923998,1,0.08,0.665355,1.0988
50,0.923998,1,0.06,0.665355,1.0988
50,0.923998,1,0.02,0.665355,1.0988
50,0.923998,1,0.04,0.665355,1.0988
50,0.923998,1,0,0.665355,1.0988
80,1.4784,1,0.58,-0.0864058,1.27349
80,1.4784,1,0.56,-0.0864063,1.27349
80,1.4784,1,0.54,-0.0864059,1.27349
80,1.4784,1,0.52,-0.0864071,1.27349
80,1.4784,1,0.5,-0.086406,1.27349
80,1.4784,1,0.48,-0.0864065,1.27349
80,1.4784,1,0.46,-0.0864057,1.27349
80,1.4784,1,0.44,-0.0864066,1.27349
80,1.4784,1,0.42,-0.0864061,1.27349
80,1.4784,1,0.4,-0.0864069,1.27349
80,1.4784,1,0.38,-0.0864059,1.27349
80,1.4784,1,0.36,-0.0864064,1.27349
80,1.4784,1,0.34,-0.0864058,1.27349
80,1.4784,1,0.32,-0.0864065,1.27349
80,1.4784,1,0.3,-0.0864059,1.27349
80,1.4784,1,0.28,-0.0864066,1.27349
80,1.4784,1,0.26,-0.086406,1.27349
80,1.4784,1,0.24,-0.0864067,1.27349
80,1.4784,1,0.22,-0.0864059,1.27349
80,1.4784,1,0.18,-0.0864059,1.27349
80,1.4784,1,0.2,-0.0864067,1.27349
80,1.4784,1,0.16,-0.0864066,1.27349
80,1.4784,1,0.14,-0.0864059,1.27349
80,1.4784,1,0.1,-0.0864059,1.27349
80,1.4784,1,0.12,-0.0864066,1.27349
80,1.4784,1,0.08,-0.0864066,1.27349
80,1.4784,1,0.06,-0.0864059,1.27349
80,1.4784,1,0.02,-0.0864059,1.27349
80,1.4784,1,0.04,-0.0864063,1.27349
80,1.4784,1,0,-0.0864073,1.27349
100,1.848,1,0.58,-0.579808,1.13068
100,1.848,1,0.56,-0.579809,1.13068
100,1.848,1,0.54,-0.579808,1.13068
100,1.848,1,0.52,-0.57981,1.13068
100,1.848,1,0.5,-0.579808,1.13068
100,1.848,1,0.48,-0.579809,1.13068
100,1.848,1,0.46,-0.579808,1.13068
100,1.848,1,0.44,-0.579809,1.13068
100,1.848,1,0.42,-0.579809,1.13068
100,1.848,1,0.4,-0.57981,1.13068
100,1.848,1,0.38,-0.579808,1.13068
100,1.848,1,0.36,-0.579809,1.13068
100,1.848,1,0.34,-0.579808,1.13068
100,1.848,1,0.32,-0.579809,1.13068
100,1.848,1,0.3,-0.579808,1.13068
100,1.848,1,0.28,-0.57981,1.13068
100,1.848,1,0.26,-0.579808,1.13068
100,1.848,1,0.24,-0.57981,1.13068
100,1.848,1,0.22,-0.579808,1.13068
100,1.848,1,0.18,-0.579808,1.13068
100,1.848,1,0.2,-0.57981,1.13068
100,1.848,1,0.16,-0.579809,1.13068
100,1.848,1,0.14,-0.579808,1.13068
100,1.848,1,0.1,-0.579808,1.13068
100,1.848,1,0.12,-0.57981,1.13068
100,1.848,1,0.08,-0.57981,1.13068
100,1.848,1,0.06,-0.579808,1.13068
100,1.848,1,0.02,-0.579808,1.13068
100,1.848,1,0.04,-0.579809,1.13068
100,1.848,1,0,-0.579811,1.13068
200,3.69599,1,0.58,-0.766861,-1.00201
200,3.69599,1,0.56,-0.766855,-1.00202
200,3.69599,1,0.54,-0.76686,-1.00201
200,3.69599,1,0.52,-0.766845,-1.00202
200,3.69599,1,0.5,-0.766858,-1.00201
200,3.69599,1,0.48,-0.766853,-1.00202
200,3.69599,1,0.46,-0.766862,-1.00201
200,3.69599,1,0.44,-0.766852,-1.00202
200,3.69599,1,0.42,-0.766857,-1.00201
200,3.69599,1,0.4,-0.766848,-1.00202
200,3.69599,1,0.38,-0.766859,-1.00201
200,3.69599,1,0.36,-0.766853,-1.00202
200,3.69599,1,0.34,-0.76686,-1.00201
200,3.69599,1,0.32,-0.766853,-1.00202
200,3.69599,1,0.3,-0.766859,-1.00201
200,3.69599,1,0.28,-0.766851,-1.00202
200,3.69599,1,0.26,-0.766859,-1.00201
200,3.69599,1,0.24,-0.76685,-1.00202
200,3.69599,1,0.22,-0.766859,-1.00201
200,3.69599,1,0.18,-0.76686,-1.00201
200,3.69599,1,0.2,-0.766851,-1.00202
200,3.69599,1,0.16,-0.766851,-1.00202
200,3.69599,1,0.14,-0.76686,-1.00201
200,3.69599,1,0.1,-0.766859,-1.00201
200,3.69599,1,0.12,-0.766851,-1.00202
200,3.69599,1,0.08,-0.766851,-1.00202
200,3.69599,1,0.06,-0.766859,-1.00201
200,3.69599,1,0.02,-0.76686,-1.00201
200,3.69599,1,0.04,-0.766855,-1.00202
200,3.69599,1,0,-0.766843,-1.00203
300,5.54399,1,0.58,1.26281,-0.247072
300,5.54399,1,0.56,1.26281,-0.247047
300,5.54399,1,0.54,1.26281,-0.247067
300,5.54399,1,0.52,1.26283,-0.247005
300,5.54399,1,0.5,1.26281,-0.247062
300,5.54399,1,0.48,1.26282,-0.247038
300,5.54399,1,0.46,1.2628,-0.247077
300,5.54399,1,0.44,1.26282,-0.247033
300,5.54399,1,0.42,1.26281,-0.247058
300,5.54399,1,0.4,1.26282,-0.247016
300,5.54399,1,0.38,1.26281,-0.247066
300,5.54399,1,0.36,1.26282,-0.247039
300,5.54399,1,0.34,1.26281,-0.247069
300,5.54399,1,0.32,1.26282,-0.247038
300,5.54399,1,0.3,1.26281,-0.247067
300,5.54399,1,0.28,1.26282,-0.247029
300,5.54399,1,0.26,1.26281,-0.247065
300,5.54399,1,0.24,1.26282,-0.247026
300,5.54399,1,0.22,1.26281,-0.247065
300,5.54399,1,0.18,1.26281,-0.247068
300,5.54399,1,0.2,1.26282,-0.247029
300,5.54399,1,0.16,1.26282,-0.24703
300,5.54399,1,0.14,1.26281,-0.247068
300,5.54399,1,0.1,1.26281,-0.247065
300,5.54399,1,0.12,1.26282,-0.247028
300,5.54399,1,0.08,1.26282,-0.247028
300,5.54399,1,0.06,1.26281,-0.247067
300,5.54399,1,0.02,1.26281,-0.247069
300,5.54399,1,0.04,1.26281,-0.247049
300,5.54399,1,0,1.26283,-0.246996
400,7.39198,1,0.58,-0.364456,1.22913
400,7.39198,1,0.56,-0.364517,1.22912
400,7.39198,1,0.54,-0.364467,1.22913
400,7.39198,1,0.52,-0.364619,1.22911
400,7.39198,1,0.5,-0.364479,1.22913
400,7.39198,1,0.48,-0.364537,1.22912
400,7.39198,1,0.46,-0.364444,1.22913
400,7.39198,1,0.44,-0.364552,1.22912
400,7.39198,1,0.42,-0.364493,1.22913
400,7.39198,1,0.4,-0.364592,1.22911
400,7.39198,1,0.38,-0.364472,1.22913
400,7.39198,1,0.36,-0.364537,1.22912
400,7.39198,1,0.34,-0.364464,1.22913
400,7.39198,1,0.32,-0.364539,1.22911
400,7.39198,1,0.3,-0.364469,1.22913
400,7.39198,1,0.28,-0.364561,1.22911
400,7.39198,1,0.26,-0.364475,1.22913
400,7.39198,1,0.24,-0.364569,1.22911
400,7.39198,1,0.22,-0.364474,1.22913
400,7.39198,1,0.18,-0.364466,1.22913
400,7.39198,1,0.2,-0.364562,1.22911
400,7.39198,1,0.16,-0.364558,1.22911
400,7.39198,1,0.14,-0.364469,1.22913
400,7.39198,1,0.1,-0.364476,1.22913
400,7.39198,1,0.12,-0.364564,1.22911
400,7.39198,1,0.08,-0.364564,1.22911
400,7.39198,1,0.06,-0.364471,1.22913
400,7.39198,1,0.02,-0.364465,1.22913
400,7.39198,1,0.04,-0.364514,1.22912
400,7.39198,1,0,-0.364642,1.2291
500,9.23998,1,0.58,-0.929178,-0.850654
500,9.23998,1,0.56,-0.929109,-0.85075
500,9.23998,1,0.54,-0.929166,-0.850671
500,9.23998,1,0.52,-0.929005,-0.850919
500,9.23998,1,0.5,-0.929154,-0.850691
500,9.23998,1,0.48,-0.929088,-0.850784
500,9.23998,1,0.46,-0.929189,-0.850633
500,9.23998,1,0.44,-0.929076,-0.850808
500,9.23998,1,0.42,-0.929149,-0.850716
500,9.23998,1,0.4,-0.929036,-0.850874
500,9.23998,1,0.38,-0.929164,-0.85068
500,9.23998,1,0.36,-0.929086,-0.850781
500,9.23998,1,0.34,-0.929166,-0.850665
500,9.23998,1,0.32,-0.929079,-0.850783
500,9.23998,1,0.3,-0.929161,-0.850673
500,9.23998,1,0.28,-0.92906,-0.850821
500,9.23998,1,0.26,-0.929158,-0.850684
500,9.23998,1,0.24,-0.929055,-0.850835
500,9.23998,1,0.22,-0.929159,-0.850682
500,9.23998,1,0.18,-0.929164,-0.850667
500,9.23998,1,0.2,-0.929061,-0.850823
500,9.23998,1,0.16,-0.929061,-0.850814
500,9.23998,1,0.14,-0.929161,-0.850671
500,9.23998,1,0.1,-0.929153,-0.850682
500,9.23998,1,0.12,-0.929057,-0.850824
500,9.23998,1,0.08,-0.929055,-0.850824
500,9.23998,1,0.06,-0.929158,-0.850675
500,9.23998,1,0.02,-0.929163,-0.850663
500,9.23998,1,0.04,-0.929108,-0.850743
500,9.23998,1,0,-0.928974,-0.85095
600,11.088,1,0.58,1.1843,-0.476021
600,11.088,1,0.56,1.18441,-0.47584
600,11.088,1,0.54,1.18432,-0.475987
600,11.088,1,0.52,1.18461,-0.475553
600,11.088,1,0.5,1.18435,-0.475954
600,11.088,1,0.48,1.18445,-0.475781
600,11.088,1,0.46,1.18428,-0.47605
600,11.088,1,0.44,1.18448,-0.475747
600,11.088,1,0.42,1.18438,-0.475933
600,11.088,1,0.4,1.18455,-0.475639
600,11.088,1,0.38,1.18433,-0.47598
600,11.088,1,0.36,1.18444,-0.475779
600,11.088,1,0.34,1.18431,-0.475989
600,11.088,1,0.32,1.18444,-0.475765
600,11.088,1,0.3,1.18433,-0.475974
600,11.088,1,0.28,1.18449,-0.475709
600,11.088,1,0.26,1.18434,-0.475965
600,11.088,1,0.24,1.1845,-0.475694
600,11.088,1,0.22,1.18433,-0.475972
600,11.088,1,0.18,1.18431,-0.475988
600,11.088,1,0.2,1.18448,-0.475713
600,11.088,1,0.16,1.18447,-0.475718
600,11.088,1,0.14,1.18432,-0.475979
600,11.088,1,0.1,1.18433,-0.475958
600,11.088,1,0.12,1.18449,-0.475703
600,11.088,1,0.08,1.18449,-0.4757
600,11.088,1,0.06,1.18432,-0.475972
600,11.088,1,0.02,1.1843,-0.47599
600,11.088,1,0.04,1.18439,-0.475844
600,11.088,1,0,1.18462,-0.475486
700,12.936,1,0.58,-0.124146,1.28386
700,12.936,1,0.56,-0.12448,1.28389
700,12.936,1,0.54,-0.124207,1.28387
700,12.936,1,0.52,-0.125029,1.28398
700,12.936,1,0.5,-0.124268,1.28389
700,12.936,1,0.48,-0.124587,1.28391
700,12.936,1,0.46,-0.124078,1.28385
700,12.936,1,0.44,-0.124649,1.28393
700,12.936,1,0.42,-0.124309,1.28393
700,12.936,1,0.4,-0.124853,1.28397
700,12.936,1,0.38,-0.124207,1.28389
700,12.936,1,0.36,-0.124572,1.2839
700,12.936,1,0.34,-0.12418,1.28386
700,12.936,1,0.32,-0.124593,1.28389
700,12.936,1,0.3,-0.124206,1.28387
700,12.936,1,0.28,-0.124704,1.28392
700,12.936,1,0.26,-0.124227,1.28388
700,12.936,1,0.24,-0.124734,1.28393
700,12.936,1,0.22,-0.124213,1.28387
700,12.936,1,0.18,-0.12418,1.28385
700,12.936,1,0.2,-0.124696,1.28391
700,12.936,1,0.16,-0.124685,1.28389
700,12.936,1,0.14,-0.124201,1.28385
700,12.936,1,0.1,-0.124245,1.28385
700,12.936,1,0.12,-0.124722,1.28391
700,12.936,1,0.08,-0.124729,1.28389
700,12.936,1,0.06,-0.12422,1.28384
700,12.936,1,0.02,-0.124183,1.28383
700,12.936,1,0.04,-0.124455,1.28385
700,12.936,1,0,-0.125136,1.28394
800,14.784,1,0.58,-1.07001,-0.675713
800,14.784,1,0.56,-1.06983,-0.676174
800,14.784,1,0.54,-1.06998,-0.675803
800,14.784,1,0.52,-1.06963,-0.676966
800,14.784,1,0.5,-1.06997,-0.675898
800,14.784,1,0.48,-1.0698,-0.676339
800,14.784,1,0.46,-1.07004,-0.675634
800,14.784,1,0.44,-1.06979,-0.676441
800,14.784,1,0.42,-1.07001,-0.675991
800,14.784,1,0.4,-1.06972,-0.676744
800,14.784,1,0.38,-1.07001,-0.675842
800,14.784,1,0.36,-1.0698,-0.676336
800,14.784,1,0.34,-1.06999,-0.675798
800,14.784,1,0.32,-1.06977,-0.67636
800,14.784,1,0.3,-1.06999,-0.675834
800,14.784,1,0.28,-1.06975,-0.676524
800,14.784,1,0.26,-1.06999,-0.675863
800,14.784,1,0.24,-1.06974,-0.676562
800,14.784,1,0.22,-1.06999,-0.67583
800,14.784,1,0.18,-1.06997,-0.675761
800,14.784,1,0.2,-1.06974,-0.676491
800,14.784,1,0.16,-1.06971,-0.676453
800,14.784,1,0.14,-1.06996,-0.675778
800,14.784,1,0.1,-1.06993,-0.675827
800,14.784,1,0.12,-1.06971,-0.676499
800,14.784,1,0.08,-1.06969,-0.676494
800,14.784,1,0.06,-1.06993,-0.675785
800,14.784,1,0.02,-1.06993,-0.675718
800,14.784,1,0.04,-1.06979,-0.676097
800,14.784,1,0,-1.0695,-0.677055
900,16.632,1,0.58,1.06829,-0.678345
900,16.632,1,0.56,1.06879,-0.677856
900,16.632,1,0.54,1.0684,-0.678266
900,16.632,1,0.52,1.06972,-0.67715
900,16.632,1,0.5,1.06851,-0.678201
900,16.632,1,0.48,1.06898,-0.677716
900,16.632,1,0.46,1.06819,-0.678418
900,16.632,1,0.44,1.06909,-0.677637
900,16.632,1,0.42,1.06863,-0.678186
900,16.632,1,0.4,1.06945,-0.677377
900,16.632,1,0.38,1.06845,-0.67827
900,16.632,1,0.36,1.06898,-0.677699
900,16.632,1,0.34,1.06839,-0.678263
900,16.632,1,0.32,1.06899,-0.677645
900,16.632,1,0.3,1.06843,-0.678235
900,16.632,1,0.28,1.06918,-0.677528
900,16.632,1,0.26,1.06846,-0.678232
900,16.632,1,0.24,1.06923,-0.677508
900,16.632,1,0.22,1.06842,-0.678255
900,16.632,1,0.18,1.06833,-0.678274
900,16.632,1,0.2,1.06914,-0.677552
900,16.632,1,0.16,1.06908,-0.677539
900,16.632,1,0.14,1.06833,-0.67825
900,16.632,1,0.1,1.06837,-0.678188
900,16.632,1,0.12,1.06912,-0.677517
900,16.632,1,0.08,1.0691,-0.677488
900,16.632,1,0.06,1.06832,-0.67822
900,16.632,1,0.02,1.06824,-0.678256
900,16.632,1,0.04,1.06865,-0.67786
900,16.632,1,0,1.06974,-0.676938
1000,18.48,1,0.58,0.128007,1.28335
1000,18.48,1,0.56,0.127088,1.2837
1000,18.48,1,0.54,0.12784,1.28345
1000,18.48,1,0.52,0.125649,1.28447
1000,18.48,1,0.5,0.127688,1.28355
1000,18.48,1,0.48,0.126781,1.28386
1000,18.48,1,0.46,0.128123,1.28327
1000,18.48,1,0.44,0.126604,1.28396
1000,18.48,1,0.42,0.127586,1.2837
1000,18.48,1,0.4,0.126064,1.28426
1000,18.48,1,0.38,0.127782,1.28351
1000,18.48,1,0.36,0.126744,1.28382
1000,18.48,1,0.34,0.127809,1.28342
1000,18.48,1,0.32,0.126674,1.2838
1000,18.48,1,0.3,0.12777,1.28343
1000,18.48,1,0.28,0.12644,1.28396
1000,18.48,1,0.26,0.127773,1.28345
1000,18.48,1,0.24,0.126408,1.28399
1000,18.48,1,0.22,0.12784,1.28341
1000,18.48,1,0.18,0.127918,1.28331
1000,18.48,1,0.2,0.126523,1.28391
1000,18.48,1,0.16,0.126539,1.28383
1000,18.48,1,0.14,0.12788,1.28331
1000,18.48,1,0.1,0.127774,1.28333
1000,18.48,1,0.12,0.126483,1.28389
1000,18.48,1,0.08,0.126449,1.28385
1000,18.48,1,0.06,0.127832,1.2833
1000,18.48,1,0.02,0.127919,1.28323
1000,18.48,1,0.04,0.127175,1.28351
1000,18.48,1,0,0.125369,1.28435
1100,20.328,1,0.58,-1.18605,-0.471108
1100,20.328,1,0.56,-1.18593,-0.472386
1100,20.328,1,0.54,-1.18607,-0.471335
1100,20.328,1,0.52,-1.18604,-0.474495
1100,20.328,1,0.5,-1.1861,-0.471532
1100,20.328,1,0.48,-1.18593,-0.472773
1100,20.328,1,0.46,-1.18599,-0.47084
1100,20.328,1,0.44,-1.18593,-0.473006
1100,20.328,1,0.42,-1.1862,-0.471663
1100,20.328,1,0.4,-1.18599,-0.473788
1100,20.328,1,0.38,-1.18608,-0.471325
1100,20.328,1,0.36,-1.18585,-0.472738
1100,20.328,1,0.34,-1.18599,-0.471246
1100,20.328,1,0.32,-1.18579,-0.472811
1100,20.328,1,0.3,-1.186,-0.471302
1100,20.328,1,0.28,-1.18588,-0.473183
1100,20.328,1,0.26,-1.18607,-0.471315
1100,20.328,1,0.24,-1.18594,-0.473248
1100,20.328,1,0.22,-1.18607,-0.471218
1100,20.328,1,0.18,-1.18599,-0.471082
1100,20.328,1,0.2,-1.18591,-0.473074
1100,20.328,1,0.16,-1.18581,-0.47302
1100,20.328,1,0.14,-1.18596,-0.471135
1100,20.328,1,0.1,-1.18589,-0.47127
1100,20.328,1,0.12,-1.18582,-0.473117
1100,20.328,1,0.08,-1.18572,-0.47314
1100,20.328,1,0.06,-1.18585,-0.471187
1100,20.328,1,0.02,-1.18578,-0.471035
1100,20.328,1,0.04,-1.1857,-0.472081
1100,20.328,1,0,-1.18567,-0.474694
1200,22.1759,1,0.58,0.92418,-0.855738
1200,22.1759,1,0.56,0.925557,-0.85494
1200,22.1759,1,0.54,0.924348,-0.85567
1200,22.1759,1,0.52,0.928004,-0.854033
1200,22.1759,1,0.5,0.924565,-0.855651
1200,22.1759,1,0.48,0.925964,-0.854816
1200,22.1759,1,0.46,0.92376,-0.855898
1200,22.1759,1,0.44,0.926252,-0.854749
1200,22.1759,1,0.42,0.924764,-0.855809
1200,22.1759,1,0.4,0.927113,-0.854471
1200,22.1759,1,0.38,0.924265,-0.85587
1200,22.1759,1,0.36,0.925819,-0.854861
1200,22.1759,1,0.34,0.924199,-0.855801
1200,22.1759,1,0.32,0.92598,-0.854747
1200,22.1759,1,0.3,0.924347,-0.855786
1200,22.1759,1,0.28,0.926474,-0.854657
1200,22.1759,1,0.26,0.924339,-0.855831
1200,22.1759,1,0.24,0.926495,-0.854655
1200,22.1759,1,0.22,0.924168,-0.85584
1200,22.1759,1,0.18,0.924012,-0.855756
1200,22.1759,1,0.2,0.926271,-0.854657
1200,22.1759,1,0.16,0.926206,-0.854516
1200,22.1759,1,0.14,0.924054,-0.855668
1200,22.1759,1,0.1,0.924062,-0.855514
1200,22.1759,1,0.12,0.926254,-0.854485
1200,22.1759,1,0.08,0.926128,-0.854351
1200,22.1759,1,0.06,0.923907,-0.855525
1200,22.1759,1,0.02,0.923745,-0.855525
1200,22.1759,1,0.04,0.924894,-0.854877
1200,22.1759,1,0,0.927983,-0.85351
1300,24.0239,1,0.58,0.374305,1.22568
1300,24.0239,1,0.56,0.372638,1.22687
1300,24.0239,1,0.54,0.37416,1.22583
1300,24.0239,1,0.52,0.370331,1.22929
1300,24.0239,1,0.5,0.37407,1.22607
1300,24.0239,1,0.48,0.372341,1.22729
1300,24.0239,1,0.46,0.374783,1.22529
1300,24.0239,1,0.44,0.372152,1.22764
1300,24.0239,1,0.42,0.37425,1.22647
1300,24.0239,1,0.4,0.37143,1.22859
1300,24.0239,1,0.38,0.374594,1.22601
1300,24.0239,1,0.36,0.372578,1.22734
1300,24.0239,1,0.34,0.374566,1.22596
1300,24.0239,1,0.32,0.372386,1.22751
1300,24.0239,1,0.3,0.374505,1.22614
1300,24.0239,1,0.28,0.372053,1.22802
1300,24.0239,1,0.26,0.374579,1.22609
1300,24.0239,1,0.24,0.372039,1.22797
1300,24.0239,1,0.22,0.37466,1.2258
1300,24.0239,1,0.18,0.374602,1.2255
1300,24.0239,1,0.2,0.37213,1.22761
1300,24.0239,1,0.16,0.371959,1.22741
1300,24.0239,1,0.14,0.374451,1.22548
1300,24.0239,1,0.1,0.374241,1.22543
1300,24.0239,1,0.12,0.371882,1.22745
1300,24.0239,1,0.08,0.371759,1.22729
1300,24.0239,1,0.06,0.374318,1.22532
1300,24.0239,1,0.02,0.374403,1.22516
1300,24.0239,1,0.04,0.373025,1.22616
1300,24.0239,1,0,0.369806,1.22911
1400,25.8719,1,0.58,-1.26493,-0.232474
1400,25.8719,1,0.56,-1.26537,-0.235011
1400,25.8719,1,0.54,-1.26505,-0.23273
1400,25.8719,1,0.52,-1.2669,-0.23892
1400,25.8719,1,0.5,-1.26529,-0.232957
1400,25.8719,1,0.48,-1.26572,-0.235608
1400,25.8719,1,0.46,-1.26479,-0.231801
1400,25.8719,1,0.44,-1.26601,-0.236022
1400,25.8719,1,0.42,-1.26584,-0.232966
1400,25.8719,1,0.4,-1.26669,-0.237321
1400,25.8719,1,0.38,-1.26551,-0.232362
1400,25.8719,1,0.36,-1.26591,-0.235373
1400,25.8719,1,0.34,-1.26548,-0.232376
1400,25.8719,1,0.32,-1.26607,-0.235677
1400,25.8719,1,0.3,-1.26573,-0.232509
1400,25.8719,1,0.28,-1.26655,-0.236291
1400,25.8719,1,0.26,-1.26577,-0.232366
1400,25.8719,1,0.24,-1.26651,-0.23625
1400,25.8719,1,0.22,-1.26546,-0.232089
1400,25.8719,1,0.18,-1.265,-0.231973
1400,25.8719,1,0.2,-1.26609,-0.235925
1400,25.8719,1,0.16,-1.26567,-0.235989
1400,25.8719,1,0.14,-1.2648,-0.232103
1400,25.8719,1,0.1,-1.26454,-0.232311
1400,25.8719,1,0.12,-1.26558,-0.236066
1400,25.8719,1,0.08,-1.26526,-0.23614
1400,25.8719,1,0.06,-1.26442,-0.232189
1400,25.8719,1,0.02,-1.26427,-0.232011
1400,25.8719,1,0.04,-1.26464,-0.234108
1400,25.8719,1,0,-1.26623,-0.239318
